veri_seti,model,senaryo,fold,seed,accuracy,precision,recall,f1,n,pozitif,roc_auc,pr_auc
SKAB,automata,orijinal,0,-1,0.4380146895170265,0.36089164785553046,0.8310591293047433,0.5032461144993114,4493,1539,0.528429749993731,0.3709676968464195
SKAB,automata,gurultu,0,-1,0.43979523703538836,0.3681940700808625,0.8875893437296946,0.5204800914459897,4493,1539,0.5128310287743231,0.3371332725956403
SKAB,automata,unseen,0,-1,0.45693300689962163,0.36467407629918897,0.7888239116309291,0.4987674609695974,4493,1539,0.4619908336753768,0.31169478321903665
SKAB,lstm,orijinal,0,42,0.912747102931152,0.8339100346020761,0.9377431906614786,0.8827838827838828,1467,514,0.9553927592978961,0.9576387898235211
SKAB,lstm,gurultu,0,42,0.9032038173142468,0.8131313131313131,0.9396887159533074,0.871841155234657,1467,514,0.9549324067760625,0.9557194066248059
SKAB,lstm,unseen,0,42,0.9113837764144512,0.8310344827586207,0.9377431906614786,0.8811700182815356,1467,514,0.9559531440750283,0.9587541251104581
SKAB,gru,orijinal,0,42,0.9079754601226994,0.8239316239316239,0.9377431906614786,0.8771610555050046,1467,514,0.9570045034929631,0.9568435448790708
SKAB,gru,gurultu,0,42,0.874573960463531,0.7578125,0.943579766536965,0.8405545927209706,1467,514,0.9568595587965101,0.9545608885733567
SKAB,gru,unseen,0,42,0.9338786639400136,0.8853974121996303,0.9319066147859922,0.9080568720379147,1467,514,0.956526798437047,0.95975355106226
SKAB,cnn1d,orijinal,0,42,0.9359236537150648,0.8917910447761194,0.9299610894941635,0.9104761904761904,1467,514,0.95596130997342,0.9499753743568538
SKAB,cnn1d,gurultu,0,42,0.9004771642808452,0.811864406779661,0.9319066147859922,0.8677536231884058,1467,514,0.9505656926110868,0.942291978520623
SKAB,cnn1d,unseen,0,42,0.9495569188820723,0.9313725490196079,0.9241245136186771,0.927734375,1467,514,0.9567115518881599,0.9488162962597418
SKAB,lstm,orijinal,0,123,0.9032038173142468,0.8152542372881356,0.9357976653696498,0.8713768115942029,1467,514,0.9551283883374639,0.9574987124648956
SKAB,lstm,gurultu,0,123,0.8820722563053851,0.7719298245614035,0.9416342412451362,0.8483786152497809,1467,514,0.9559633514480179,0.9571237508494058
SKAB,lstm,unseen,0,123,0.9113837764144512,0.8356643356643356,0.9299610894941635,0.8802946593001841,1467,514,0.9549181164538768,0.9589479196771575
SKAB,gru,orijinal,0,123,0.918200408997955,0.8456140350877193,0.9377431906614786,0.8892988929889298,1467,514,0.9580385103768153,0.9590328336884237
SKAB,gru,gurultu,0,123,0.89093387866394,0.7892156862745098,0.9396887159533074,0.8579040852575488,1467,514,0.9568616002711078,0.9566957080442374
SKAB,gru,unseen,0,123,0.934560327198364,0.8856088560885609,0.933852140077821,0.9090909090909091,1467,514,0.9574372961077247,0.9612355578116896
SKAB,cnn1d,orijinal,0,123,0.923653715064758,0.8602150537634409,0.933852140077821,0.8955223880597015,1467,514,0.9597349757676964,0.9501185616342647
SKAB,cnn1d,gurultu,0,123,0.8916155419222904,0.7924217462932455,0.9357976653696498,0.8581623550401427,1467,514,0.952948093466873,0.945684899763835
SKAB,cnn1d,unseen,0,123,0.9243353783231084,0.8617594254937163,0.933852140077821,0.896358543417367,1467,514,0.9584733444661747,0.9459910248918925
SKAB,lstm,orijinal,0,2026,0.9038854805725971,0.8134453781512605,0.9416342412451362,0.872858431018936,1467,514,0.9559837661939973,0.9572886870417269
SKAB,lstm,gurultu,0,2026,0.8725289706884799,0.7542768273716952,0.943579766536965,0.8383751080380294,1467,514,0.956228743145749,0.9562374297111392
SKAB,lstm,unseen,0,2026,0.9113837764144512,0.8321799307958477,0.9357976653696498,0.8809523809523809,1467,514,0.954556775450043,0.9584256679050905
SKAB,gru,orijinal,0,2026,0.9263803680981595,0.8704379562043796,0.9280155642023347,0.8983050847457628,1467,514,0.9636229641394571,0.9641761995483372
SKAB,gru,gurultu,0,2026,0.8984321745057942,0.8087986463620981,0.9299610894941635,0.865158371040724,1467,514,0.9591868398381519,0.9595560962866327
SKAB,gru,unseen,0,2026,0.9570552147239264,0.9465346534653465,0.9299610894941635,0.9381746810598626,1467,514,0.9640088028384662,0.9657401620355293
SKAB,cnn1d,orijinal,0,2026,0.8773006134969326,0.7625786163522013,0.943579766536965,0.8434782608695652,1467,514,0.9597094573352223,0.9509337670110558
SKAB,cnn1d,gurultu,0,2026,0.8343558282208589,0.6932952924393724,0.9455252918287937,0.8,1467,514,0.9527153653627088,0.9425471576101501
SKAB,cnn1d,unseen,0,2026,0.9059304703476483,0.821917808219178,0.933852140077821,0.8743169398907104,1467,514,0.9591133467526265,0.9483077821539488
SKAB,lstm,orijinal,0,7,0.9093387866394002,0.8267581475128645,0.9377431906614786,0.8787602552415679,1467,514,0.9547741924947228,0.9553449222116137
SKAB,lstm,gurultu,0,7,0.8888888888888888,0.7853658536585366,0.9396887159533074,0.8556244464127547,1467,514,0.9541076510384982,0.954215696578584
SKAB,lstm,unseen,0,7,0.9032038173142468,0.8141891891891891,0.9377431906614786,0.8716094032549728,1467,514,0.9548384989445575,0.9571436328427297
SKAB,gru,orijinal,0,7,0.9434219495569189,0.9168278529980658,0.9221789883268483,0.9194956353055286,1467,514,0.9580640288092895,0.9593396340331642
SKAB,gru,gurultu,0,7,0.9154737559645535,0.8482142857142857,0.9241245136186771,0.8845437616387337,1467,514,0.9548752454873204,0.9553769035275168
SKAB,gru,unseen,0,7,0.9550102249488752,0.948,0.9221789883268483,0.9349112426035503,1467,514,0.95966250341947,0.9619098688857636
SKAB,cnn1d,orijinal,0,7,0.9175187457396047,0.8453427065026362,0.9357976653696498,0.8882733148661126,1467,514,0.9592113375333271,0.9524760743538517
SKAB,cnn1d,gurultu,0,7,0.8650306748466258,0.7438271604938271,0.9377431906614786,0.8296041308089501,1467,514,0.9520375957961955,0.9446628026546195
SKAB,cnn1d,unseen,0,7,0.923653715064758,0.8589285714285714,0.9357976653696498,0.8957169459962756,1467,514,0.9589326762507094,0.9521283235913498
SKAB,lstm,orijinal,0,999,0.9250170415814588,0.8646209386281588,0.9319066147859922,0.897003745318352,1467,514,0.9524908031569365,0.955077743832967
SKAB,lstm,gurultu,0,999,0.9175187457396047,0.8465608465608465,0.933852140077821,0.8880666049953746,1467,514,0.9537728492044373,0.9545270640903766
SKAB,lstm,unseen,0,999,0.9256987048398091,0.867513611615245,0.9299610894941635,0.8976525821596244,1467,514,0.9521907063910404,0.9557073751492188
SKAB,gru,orijinal,0,999,0.9059304703476483,0.8197278911564626,0.9377431906614786,0.8747731397459165,1467,514,0.9554488998493391,0.9570001715763992
SKAB,gru,gurultu,0,999,0.8711656441717791,0.7535101404056163,0.9396887159533074,0.8363636363636363,1467,514,0.9554284851033599,0.9548299700002968
SKAB,gru,unseen,0,999,0.9311520109066121,0.8775137111517367,0.933852140077821,0.9048067860508954,1467,514,0.954554733975445,0.9584212273302511
SKAB,cnn1d,orijinal,0,999,0.9168370824812543,0.8402777777777778,0.9416342412451362,0.8880733944954129,1467,514,0.9589408421491011,0.9487021636579706
SKAB,cnn1d,gurultu,0,999,0.8438991138377642,0.7104874446085672,0.9357976653696498,0.8077246011754828,1467,514,0.9482088101877748,0.9373934916092964
SKAB,cnn1d,unseen,0,999,0.9147920927062031,0.8347676419965576,0.943579766536965,0.8858447488584474,1467,514,0.9586846370870606,0.9429321194415892
SKAB,automata,orijinal,1,-1,0.352026286966046,0.352026286966046,1.0,0.5207388204795852,4565,1607,0.37848821480397843,0.29562311570272093
SKAB,automata,gurultu,1,-1,0.352026286966046,0.352026286966046,1.0,0.5207388204795852,4565,1607,0.40720891064405934,0.3032052581423364
SKAB,automata,unseen,1,-1,0.352026286966046,0.352026286966046,1.0,0.5207388204795852,4565,1607,0.42362595103487827,0.3183046984326432
SKAB,lstm,orijinal,1,42,0.8759221998658618,0.7897350993377483,0.891588785046729,0.8375768217734855,1491,535,0.9446642943729714,0.9417488723485381
SKAB,lstm,gurultu,1,42,0.8725687458081824,0.7948717948717948,0.8691588785046729,0.8303571428571429,1491,535,0.9389883861885582,0.9372217998980361
SKAB,lstm,unseen,1,42,0.8685446009389671,0.7810945273631841,0.8803738317757009,0.827768014059754,1491,535,0.9393109920619404,0.9365280950817549
SKAB,gru,orijinal,1,42,0.9094567404426559,0.8937007874015748,0.8485981308411215,0.8705656759348035,1491,535,0.9423552183944004,0.9423439897506178
SKAB,gru,gurultu,1,42,0.89738430583501,0.8673076923076923,0.8429906542056075,0.8549763033175355,1491,535,0.9338716615180073,0.934873759340542
SKAB,gru,unseen,1,42,0.9282360831656606,0.9755555555555555,0.8205607476635514,0.8913705583756345,1491,535,0.9369041567277989,0.9377591882797943
SKAB,cnn1d,orijinal,1,42,0.9282360831656606,0.9514767932489452,0.8429906542056075,0.8939544103072349,1491,535,0.9489813475149571,0.949681323415032
SKAB,cnn1d,gurultu,1,42,0.9188464118041583,0.9294605809128631,0.8373831775700935,0.8810226155358899,1491,535,0.9333603800883745,0.9351294508628945
SKAB,cnn1d,unseen,1,42,0.9302481556002683,0.9757174392935982,0.8261682242990654,0.8947368421052632,1491,535,0.9494584131701402,0.9501742634399105
SKAB,lstm,orijinal,1,123,0.892018779342723,0.829225352112676,0.8803738317757009,0.8540344514959202,1491,535,0.9401575880811794,0.941422238279897
SKAB,lstm,gurultu,1,123,0.8853118712273642,0.8273381294964028,0.8598130841121495,0.843263061411549,1491,535,0.9337484847299887,0.935839207113371
SKAB,lstm,unseen,1,123,0.8987256874580818,0.8582089552238806,0.8598130841121495,0.8590102707749766,1491,535,0.9329253509560864,0.9347912882637965
SKAB,gru,orijinal,1,123,0.8893360160965795,0.8339350180505415,0.8635514018691589,0.8484848484848485,1491,535,0.9441246627302233,0.9417455256478868
SKAB,gru,gurultu,1,123,0.8759221998658618,0.8080985915492958,0.8579439252336448,0.8322756119673618,1491,535,0.9346752434207954,0.9329526840667604
SKAB,gru,unseen,1,123,0.8792756539235412,0.822141560798548,0.8467289719626169,0.8342541436464088,1491,535,0.9345305595745512,0.9334399468255119
SKAB,cnn1d,orijinal,1,123,0.892018779342723,0.8280701754385965,0.8822429906542056,0.8542986425339366,1491,535,0.9426260118093301,0.9427258247492304
SKAB,cnn1d,gurultu,1,123,0.8732394366197183,0.8003472222222222,0.8616822429906542,0.8298829882988299,1491,535,0.9336096664450787,0.9340576433809583
SKAB,cnn1d,unseen,1,123,0.9081153588195842,0.8901960784313725,0.8485981308411215,0.8688995215311005,1491,535,0.9429877214249404,0.942977343922559
SKAB,lstm,orijinal,1,2026,0.8786049631120053,0.8183453237410072,0.8504672897196262,0.8340971585701191,1491,535,0.9373264771438629,0.9379174113845808
SKAB,lstm,gurultu,1,2026,0.8739101274312542,0.8126126126126126,0.8429906542056075,0.8275229357798165,1491,535,0.9305673952997302,0.9325699157302068
SKAB,lstm,unseen,1,2026,0.9087860496311201,0.936542669584245,0.8,0.8629032258064516,1491,535,0.930287803542799,0.930671642926789
SKAB,gru,orijinal,1,2026,0.8993963782696177,0.8652751423149905,0.8523364485981308,0.8587570621468926,1491,535,0.9393364094943886,0.9406877909177976
SKAB,gru,gurultu,1,2026,0.8853118712273642,0.8357933579335793,0.8467289719626169,0.841225626740947,1491,535,0.9308841356117782,0.9336800872086172
SKAB,gru,unseen,1,2026,0.903420523138833,0.8871287128712871,0.8373831775700935,0.8615384615384616,1491,535,0.934221640010949,0.9364237539913303
SKAB,cnn1d,orijinal,1,2026,0.9295774647887324,0.9387755102040817,0.8598130841121495,0.8975609756097561,1491,535,0.9471708442497947,0.9478383301424986
SKAB,cnn1d,gurultu,1,2026,0.9175050301810865,0.9071146245059288,0.8579439252336448,0.8818443804034583,1491,535,0.9409729011066359,0.942583787317448
SKAB,cnn1d,unseen,1,2026,0.93158953722334,0.9635974304068522,0.8411214953271028,0.8982035928143712,1491,535,0.9478942634810151,0.9482302758160991
SKAB,lstm,orijinal,1,7,0.8900067069081153,0.8416206261510129,0.8542056074766355,0.8478664192949907,1491,535,0.9460290149767333,0.9423924908809687
SKAB,lstm,gurultu,1,7,0.8832997987927566,0.8311926605504587,0.8467289719626169,0.8388888888888889,1491,535,0.9366226097837563,0.9329973048623963
SKAB,lstm,unseen,1,7,0.8879946344735077,0.8484848484848485,0.8373831775700935,0.8428974600188147,1491,535,0.9378465569154969,0.931446167610944
SKAB,gru,orijinal,1,7,0.8900067069081153,0.8366606170598911,0.8616822429906542,0.848987108655617,1491,535,0.9440053963164274,0.94130277658758
SKAB,gru,gurultu,1,7,0.8799463447350772,0.8189964157706093,0.8542056074766355,0.8362305580969808,1491,535,0.9352031439408751,0.9326062811954763
SKAB,gru,unseen,1,7,0.8705566733735748,0.8064516129032258,0.8411214953271028,0.8234217749313815,1491,535,0.9324345989911235,0.9300240305112945
SKAB,cnn1d,orijinal,1,7,0.8913480885311871,0.8232235701906413,0.8878504672897196,0.85431654676259,1491,535,0.9405095217612326,0.9417768012987955
SKAB,cnn1d,gurultu,1,7,0.8571428571428571,0.7683333333333333,0.8616822429906542,0.8123348017621146,1491,535,0.931282993782505,0.9319488671780278
SKAB,cnn1d,unseen,1,7,0.9014084507042254,0.8540145985401459,0.874766355140187,0.8642659279778393,1491,535,0.9397528643491182,0.9410114534370989
SKAB,lstm,orijinal,1,999,0.8698859825620389,0.7875210792580101,0.8728971962616823,0.8280141843971631,1491,535,0.9379540922066242,0.9407394014420666
SKAB,lstm,gurultu,1,999,0.8698859825620389,0.7904599659284497,0.8672897196261682,0.8270944741532977,1491,535,0.9306768857779689,0.9351200985428606
SKAB,lstm,unseen,1,999,0.8564721663313213,0.7661691542288557,0.8635514018691589,0.81195079086116,1491,535,0.9294803112657881,0.9347124090623427
SKAB,gru,orijinal,1,999,0.9289067739771966,0.9386503067484663,0.8579439252336448,0.896484375,1491,535,0.9445450279591756,0.946477041455137
SKAB,gru,gurultu,1,999,0.9074446680080482,0.8899803536345776,0.8467289719626169,0.867816091954023,1491,535,0.9333730888045986,0.9359575997559398
SKAB,gru,unseen,1,999,0.9309188464118041,0.9635193133047211,0.8392523364485981,0.8971028971028971,1491,535,0.9361650959996871,0.9397902340971525
SKAB,cnn1d,orijinal,1,999,0.9235412474849095,0.9087378640776699,0.874766355140187,0.8914285714285715,1491,535,0.9370136472060376,0.9419331634647643
SKAB,cnn1d,gurultu,1,999,0.8893360160965795,0.8303571428571429,0.8691588785046729,0.8493150684931506,1491,535,0.9307140343330857,0.935515562080783
SKAB,cnn1d,unseen,1,999,0.926224010731053,0.9207920792079208,0.8691588785046729,0.8942307692307693,1491,535,0.9372267626011809,0.941827321033444
SKAB,automata,orijinal,2,-1,0.4097222222222222,0.3608585858585859,0.9321591650358774,0.5202985618059348,4464,1533,0.49844298847397506,0.3511771774821023
SKAB,automata,gurultu,2,-1,0.3924731182795699,0.3572984749455338,0.9628180039138943,0.5211864406779662,4464,1533,0.48855053488331207,0.3359056971435933
SKAB,automata,unseen,2,-1,0.41689068100358423,0.35220994475138123,0.8317025440313112,0.4948573646419561,4464,1533,0.4606950289357995,0.3220499576441744
SKAB,lstm,orijinal,2,42,0.9361702127659575,0.9623059866962306,0.8509803921568627,0.9032258064516129,1457,510,0.9608899103463984,0.9573969856206339
SKAB,lstm,gurultu,2,42,0.9142072752230611,0.8811881188118812,0.8725490196078431,0.8768472906403941,1457,510,0.9427500672919643,0.9432889563475814
SKAB,lstm,unseen,2,42,0.9313658201784488,0.9789719626168224,0.8215686274509804,0.8933901918976546,1457,510,0.9544733627347455,0.9503227396212321
SKAB,gru,orijinal,2,42,0.9492107069320521,0.9932126696832579,0.8607843137254902,0.9222689075630253,1457,510,0.9651800318860384,0.9671424048068946
SKAB,gru,gurultu,2,42,0.9245024021962938,0.9048582995951417,0.8764705882352941,0.8904382470119522,1457,510,0.9520094415802225,0.9524311186823071
SKAB,gru,unseen,2,42,0.9402882635552505,0.9907192575406032,0.8372549019607843,0.9075451647183846,1457,510,0.9569973290266476,0.958783736512285
SKAB,cnn1d,orijinal,2,42,0.9320521619766644,0.9438444924406048,0.8568627450980392,0.8982528263103803,1457,510,0.9553036420481604,0.950680864456495
SKAB,cnn1d,gurultu,2,42,0.8867536032944406,0.837573385518591,0.8392156862745098,0.8383937316356513,1457,510,0.929428328881711,0.9221094072851925
SKAB,cnn1d,unseen,2,42,0.9210706932052162,0.9782082324455206,0.792156862745098,0.875406283856988,1457,510,0.9563409735594344,0.9503979234941223
SKAB,lstm,orijinal,2,123,0.9375428963623885,0.9838337182448037,0.8352941176470589,0.9034994697773064,1457,510,0.9701492846346564,0.9690765637027682
SKAB,lstm,gurultu,2,123,0.9286204529855868,0.953125,0.8372549019607843,0.8914405010438413,1457,510,0.949512392074042,0.9479318915599554
SKAB,lstm,unseen,2,123,0.8915579958819492,1.0,0.6901960784313725,0.8167053364269141,1457,510,0.9675362858976748,0.96489863197899
SKAB,gru,orijinal,2,123,0.9691146190803019,0.9957356076759062,0.9156862745098039,0.9540347293156282,1457,510,0.9758059506801665,0.9754221202691352
SKAB,gru,gurultu,2,123,0.9279341111873713,0.8827977315689981,0.9156862745098039,0.8989412897016362,1457,510,0.9603971261154938,0.9609373320591565
SKAB,gru,unseen,2,123,0.9533287577213452,0.9977477477477478,0.8686274509803922,0.9287211740041929,1457,510,0.9714185146075325,0.9716353362806914
SKAB,cnn1d,orijinal,2,123,0.9217570350034318,0.9626168224299065,0.807843137254902,0.8784648187633263,1457,510,0.9494606290245772,0.9507240477925274
SKAB,cnn1d,gurultu,2,123,0.8881262868908717,0.8683651804670913,0.8019607843137255,0.8338430173292558,1457,510,0.917442077147649,0.9112661891795116
SKAB,cnn1d,unseen,2,123,0.9210706932052162,0.966903073286052,0.8019607843137255,0.8767416934619507,1457,510,0.9497442905356441,0.9509286898546437
SKAB,lstm,orijinal,2,2026,0.8867536032944406,0.8053097345132744,0.8921568627450981,0.8465116279069768,1457,510,0.9619355239455867,0.9535488257150402
SKAB,lstm,gurultu,2,2026,0.8544955387783116,0.7403225806451613,0.9,0.8123893805309734,1457,510,0.9472410294635277,0.937481797351261
SKAB,lstm,unseen,2,2026,0.9251887439945092,0.9387308533916849,0.8411764705882353,0.8872802481902792,1457,510,0.9594819554009566,0.9506399475312378
SKAB,gru,orijinal,2,2026,0.9656829100892245,0.9852320675105485,0.9156862745098039,0.9491869918699187,1457,510,0.9772387518893514,0.9754003128299664
SKAB,gru,gurultu,2,2026,0.9155799588194921,0.8576709796672828,0.9098039215686274,0.8829686013320647,1457,510,0.9601983560055491,0.9590816940847972
SKAB,gru,unseen,2,2026,0.9540150995195608,0.9955257270693513,0.8725490196078431,0.9299895506792059,1457,510,0.9712590844151812,0.9713264197823795
SKAB,cnn1d,orijinal,2,2026,0.9251887439945092,0.9630484988452656,0.8176470588235294,0.8844114528101803,1457,510,0.9479512185021846,0.9487187322982165
SKAB,cnn1d,gurultu,2,2026,0.8956760466712422,0.8960176991150443,0.7941176470588235,0.841995841995842,1457,510,0.9304076857775846,0.9268686970836815
SKAB,cnn1d,unseen,2,2026,0.9025394646533974,1.0,0.7215686274509804,0.8382687927107062,1457,510,0.9456053171004409,0.9468989454831341
SKAB,lstm,orijinal,2,7,0.8901853122855182,0.8027681660899654,0.9098039215686274,0.8529411764705882,1457,510,0.9687599643870219,0.9614905187831198
SKAB,lstm,gurultu,2,7,0.8599862731640356,0.75,0.9,0.8181818181818182,1457,510,0.950290908337992,0.9431613775591337
SKAB,lstm,unseen,2,7,0.9238160603980783,0.9096509240246407,0.8686274509803922,0.8886659979939819,1457,510,0.967414125100938,0.9607643061193675
SKAB,gru,orijinal,2,7,0.9196980096087852,0.8477876106194691,0.9392156862745098,0.8911627906976745,1457,510,0.9778350622191855,0.9749835249862278
SKAB,gru,gurultu,2,7,0.8592999313658202,0.7335375191424196,0.9392156862745098,0.823731728288908,1457,510,0.9634428639460008,0.9601955834759361
SKAB,gru,unseen,2,7,0.9595058339052849,0.9630390143737166,0.9196078431372549,0.9408224674022067,1457,510,0.9760523427956187,0.9747765220857606
SKAB,cnn1d,orijinal,2,7,0.905971173644475,0.9408983451536643,0.7803921568627451,0.8531618435155413,1457,510,0.9486096444913763,0.9451633152697212
SKAB,cnn1d,gurultu,2,7,0.8977350720658888,0.88,0.8196078431372549,0.848730964467005,1457,510,0.9326811189100772,0.925282123268504
SKAB,cnn1d,unseen,2,7,0.9066575154426905,0.9770408163265306,0.7509803921568627,0.8492239467849224,1457,510,0.9480174752054992,0.9444296158590545
SKAB,lstm,orijinal,2,999,0.9094028826355525,0.8987341772151899,0.8352941176470589,0.8658536585365854,1457,510,0.9434147048470919,0.9360667861752063
SKAB,lstm,gurultu,2,999,0.8613589567604667,0.7841328413284133,0.8333333333333334,0.8079847908745247,1457,510,0.9265710085512557,0.9193865246276542
SKAB,lstm,unseen,2,999,0.8819492107069321,0.8755555555555555,0.7725490196078432,0.8208333333333333,1457,510,0.9230262749239083,0.9107400301250227
SKAB,gru,orijinal,2,999,0.9574468085106383,0.98068669527897,0.8960784313725491,0.9364754098360656,1457,510,0.9755015839493136,0.972051460966939
SKAB,gru,gurultu,2,999,0.9210706932052162,0.8864970645792564,0.888235294117647,0.8873653281096964,1457,510,0.9612998736981593,0.9585344094885118
SKAB,gru,unseen,2,999,0.9567604667124228,0.9933774834437086,0.8823529411764706,0.9345794392523364,1457,510,0.9701347909808062,0.9689823459122698
SKAB,cnn1d,orijinal,2,999,0.9272477693891558,0.963302752293578,0.8235294117647058,0.8879492600422833,1457,510,0.9547280369381121,0.9493318730257958
SKAB,cnn1d,gurultu,2,999,0.8908716540837337,0.8434442270058709,0.8450980392156863,0.8442703232125367,1457,510,0.9283143880572292,0.9246907133169717
SKAB,cnn1d,unseen,2,999,0.9279341111873713,0.9633867276887872,0.8254901960784313,0.8891235480464625,1457,510,0.9531523697124045,0.9474280230030382
SKAB,automata,orijinal,3,-1,0.3548979123652214,0.3548979123652214,1.0,0.5238740264138164,4359,1547,0.4104688926670351,0.3417861554171023
SKAB,automata,gurultu,3,-1,0.3548979123652214,0.3548979123652214,1.0,0.5238740264138164,4359,1547,0.4175235692263556,0.3316388191866102
SKAB,automata,unseen,3,-1,0.3548979123652214,0.3548979123652214,1.0,0.5238740264138164,4359,1547,0.4419460967448583,0.3513579032013546
SKAB,lstm,orijinal,3,42,0.9142053445850914,1.0,0.7631067961165049,0.8656387665198237,1422,515,0.9575191873347534,0.9571661208981896
SKAB,lstm,gurultu,3,42,0.9156118143459916,1.0,0.7669902912621359,0.8681318681318682,1422,515,0.9540146219800687,0.955153299568511
SKAB,lstm,unseen,3,42,0.8924050632911392,1.0,0.7029126213592233,0.8255416191562144,1422,515,0.9558129328523566,0.956388443727358
SKAB,gru,orijinal,3,42,0.930379746835443,1.0,0.8077669902912621,0.8936627282491945,1422,515,0.9514691557572709,0.9549585257938555
SKAB,gru,gurultu,3,42,0.9254571026722925,0.9975669099756691,0.7961165048543689,0.8855291576673866,1422,515,0.9489857740764925,0.9534286094857854
SKAB,gru,unseen,3,42,0.9050632911392406,1.0,0.7378640776699029,0.8491620111731844,1422,515,0.9524796351997946,0.9552511420615142
SKAB,cnn1d,orijinal,3,42,0.9360056258790436,0.9976525821596244,0.8252427184466019,0.9032943676939427,1422,515,0.9419980518298884,0.9462752608372199
SKAB,cnn1d,gurultu,3,42,0.9338959212376934,1.0,0.8174757281553398,0.8995726495726496,1422,515,0.9416019952687298,0.9458360401203039
SKAB,cnn1d,unseen,3,42,0.930379746835443,0.9976076555023924,0.8097087378640777,0.8938906752411575,1422,515,0.941394333179906,0.9451917911744587
SKAB,lstm,orijinal,3,123,0.9317862165963432,0.995260663507109,0.8155339805825242,0.8964781216648879,1422,515,0.9434902216846319,0.9517044702977573
SKAB,lstm,gurultu,3,123,0.9254571026722925,0.974477958236659,0.8155339805825242,0.8879492600422833,1422,515,0.9415249248027745,0.9477846721083921
SKAB,lstm,unseen,3,123,0.9022503516174403,1.0,0.7300970873786408,0.8439955106621774,1422,515,0.9417240235064922,0.949929079744311
SKAB,gru,orijinal,3,123,0.929676511954993,0.9952267303102625,0.8097087378640777,0.892933618843683,1422,515,0.9539118613587951,0.957217859810668
SKAB,gru,gurultu,3,123,0.9282700421940928,0.9747126436781609,0.8233009708737864,0.8926315789473684,1422,515,0.9493625630211623,0.952703347259195
SKAB,gru,unseen,3,123,0.8966244725738397,1.0,0.7145631067961165,0.8335220838052095,1422,515,0.9519850997099154,0.9555498379415783
SKAB,cnn1d,orijinal,3,123,0.9360056258790436,0.9976525821596244,0.8252427184466019,0.9032943676939427,1422,515,0.9414970938011796,0.9476477478894787
SKAB,cnn1d,gurultu,3,123,0.9444444444444444,0.9887892376681614,0.8563106796116505,0.9177939646201873,1422,515,0.945008081694694,0.9506108832350701
SKAB,cnn1d,unseen,3,123,0.9416315049226441,0.9976958525345622,0.8407766990291262,0.9125395152792413,1422,515,0.9420708406032904,0.9479771985737911
SKAB,lstm,orijinal,3,2026,0.9310829817158931,0.995249406175772,0.8135922330097087,0.8952991452991453,1422,515,0.9505614369360208,0.9545652761070385
SKAB,lstm,gurultu,3,2026,0.9282700421940928,1.0,0.8019417475728156,0.8900862068965517,1422,515,0.9466629558664541,0.9519122217336654
SKAB,lstm,unseen,3,2026,0.9036568213783404,1.0,0.7339805825242719,0.8465845464725644,1422,515,0.9520150715577869,0.9558902432303638
SKAB,gru,orijinal,3,2026,0.9381153305203939,0.9930715935334873,0.8349514563106796,0.9071729957805907,1422,515,0.9565279755087186,0.9580097057775401
SKAB,gru,gurultu,3,2026,0.9317862165963432,0.995260663507109,0.8155339805825242,0.8964781216648879,1422,515,0.9529955791524389,0.9556204305584297
SKAB,gru,unseen,3,2026,0.9163150492264416,1.0,0.7689320388349514,0.8693743139407245,1422,515,0.9571894970081671,0.9580102913571144
SKAB,cnn1d,orijinal,3,2026,0.919831223628692,0.9926289926289926,0.7844660194174757,0.8763557483731019,1422,515,0.9365495980561117,0.9424499897898785
SKAB,cnn1d,gurultu,3,2026,0.9184247538677919,0.9877750611246944,0.7844660194174757,0.8744588744588745,1422,515,0.9406086425964183,0.944404885129481
SKAB,cnn1d,unseen,3,2026,0.9163150492264416,0.9925373134328358,0.7747572815533981,0.8702290076335878,1422,515,0.9353528649875296,0.9408129449809765
SKAB,lstm,orijinal,3,7,0.9240506329113924,1.0,0.7902912621359224,0.8828633405639913,1422,515,0.9452542790164952,0.9509427814145526
SKAB,lstm,gurultu,3,7,0.9191279887482419,0.995049504950495,0.7805825242718447,0.8748639825897715,1422,515,0.9431027285085796,0.9487990607479353
SKAB,lstm,unseen,3,7,0.8924050632911392,1.0,0.7029126213592233,0.8255416191562144,1422,515,0.9442288136500357,0.946274519052535
SKAB,gru,orijinal,3,7,0.9493670886075949,0.9933184855233853,0.8660194174757282,0.9253112033195021,1422,515,0.9573586238640135,0.9589333835752917
SKAB,gru,gurultu,3,7,0.9535864978902954,0.9955849889624724,0.8757281553398059,0.9318181818181818,1422,515,0.9541837488359147,0.9572229686228786
SKAB,gru,unseen,3,7,0.9479606188466948,0.9977426636568849,0.858252427184466,0.9227557411273486,1422,515,0.9563909613470204,0.9575139147178711
SKAB,cnn1d,orijinal,3,7,0.9191279887482419,1.0,0.7766990291262136,0.8743169398907104,1422,515,0.943370334293146,0.9470977858449177
SKAB,cnn1d,gurultu,3,7,0.9282700421940928,1.0,0.8019417475728156,0.8900862068965517,1422,515,0.9430920242771967,0.9476167474020107
SKAB,cnn1d,unseen,3,7,0.9289732770745429,0.9975961538461539,0.8058252427184466,0.8915145005370569,1422,515,0.9432504469016602,0.9469016185185993
SKAB,lstm,orijinal,3,999,0.9254571026722925,1.0,0.7941747572815534,0.8852813852813853,1422,515,0.9617173868830349,0.9600778404139884
SKAB,lstm,gurultu,3,999,0.9205344585091421,0.9878640776699029,0.7902912621359224,0.8781014023732471,1422,515,0.9576776099592169,0.9563020094853389
SKAB,lstm,unseen,3,999,0.8987341772151899,1.0,0.7203883495145631,0.837471783295711,1422,515,0.9622590209909977,0.9594422701176516
SKAB,gru,orijinal,3,999,0.9120956399437412,1.0,0.7572815533980582,0.861878453038674,1422,515,0.9520792969460827,0.957045241861017
SKAB,gru,gurultu,3,999,0.9071729957805907,1.0,0.7436893203883496,0.8530066815144766,1422,515,0.9494631827961593,0.9562782897235618
SKAB,gru,unseen,3,999,0.8614627285513361,1.0,0.6174757281553398,0.7635054021608644,1422,515,0.9544363686965458,0.9582046956378689
SKAB,cnn1d,orijinal,3,999,0.9113924050632911,0.9949109414758269,0.7592233009708738,0.8612334801762115,1422,515,0.944068250179296,0.9485045060976637
SKAB,cnn1d,gurultu,3,999,0.9170182841068917,1.0,0.7708737864077669,0.8706140350877193,1422,515,0.9459885892893461,0.9511235750511966
SKAB,cnn1d,unseen,3,999,0.929676511954993,0.9905437352245863,0.8135922330097087,0.8933901918976546,1422,515,0.9436079682298413,0.9478604003101422
SKAB,automata,orijinal,4,-1,0.3562680917390336,0.3562680917390336,1.0,0.5253652930553275,4491,1600,0.45621335610515396,0.341685646142946
SKAB,automata,gurultu,4,-1,0.3562680917390336,0.3562680917390336,1.0,0.5253652930553275,4491,1600,0.4563892251815981,0.33171361474429945
SKAB,automata,unseen,4,-1,0.3562680917390336,0.3562680917390336,1.0,0.5253652930553275,4491,1600,0.4803577914216534,0.3599584752838639
SKAB,lstm,orijinal,4,42,0.8540245566166439,0.9848024316109423,0.6078799249530957,0.7517401392111369,1466,533,0.8966355579954512,0.8865393900226446
SKAB,lstm,gurultu,4,42,0.8362892223738063,0.9080779944289693,0.6116322701688556,0.7309417040358744,1466,533,0.8848174803786127,0.8710858920194444
SKAB,lstm,unseen,4,42,0.8581173260572987,1.0,0.6097560975609756,0.7575757575757576,1466,533,0.8865187044153401,0.8725163022430285
SKAB,gru,orijinal,4,42,0.864256480218281,1.0,0.626641651031895,0.7704728950403691,1466,533,0.780172093088727,0.8060372207541233
SKAB,gru,gurultu,4,42,0.839699863574352,0.9093406593406593,0.6210131332082551,0.738015607580825,1466,533,0.7856236514380974,0.8032757067771092
SKAB,gru,unseen,4,42,0.8560709413369714,1.0,0.6041275797373359,0.7532163742690059,1466,533,0.7784588036332998,0.802876276405056
SKAB,cnn1d,orijinal,4,42,0.859481582537517,0.990990990990991,0.6191369606003753,0.7621247113163973,1466,533,0.8101968875241561,0.8151865029448085
SKAB,cnn1d,gurultu,4,42,0.8321964529331515,0.8614609571788413,0.6416510318949343,0.7354838709677419,1466,533,0.8254194241175654,0.8264749083092957
SKAB,cnn1d,unseen,4,42,0.8574351978171897,1.0,0.6078799249530957,0.7561260210035006,1466,533,0.8037961829037039,0.8127859257181902
SKAB,lstm,orijinal,4,123,0.8628922237380627,1.0,0.6228893058161351,0.7676300578034682,1466,533,0.8181459875444661,0.8341012741534274
SKAB,lstm,gurultu,4,123,0.859481582537517,0.9739130434782609,0.6303939962476548,0.765375854214123,1466,533,0.8186286042924739,0.8287318870113577
SKAB,lstm,unseen,4,123,0.8581173260572987,1.0,0.6097560975609756,0.7575757575757576,1466,533,0.8149627279107321,0.827113932764237
SKAB,gru,orijinal,4,123,0.8608458390177354,1.0,0.6172607879924953,0.7633410672853829,1466,533,0.7962774161503674,0.8136975324515592
SKAB,gru,gurultu,4,123,0.8512960436562074,0.9618768328445748,0.6153846153846154,0.7505720823798627,1466,533,0.800351505864799,0.8099305349309531
SKAB,gru,unseen,4,123,0.8553888130968622,1.0,0.6022514071294559,0.7517564402810304,1466,533,0.8011960851738125,0.8159033668243209
SKAB,cnn1d,orijinal,4,123,0.8560709413369714,1.0,0.6041275797373359,0.7532163742690059,1466,533,0.8865166935122233,0.8782726855713783
SKAB,cnn1d,gurultu,4,123,0.8649386084583902,1.0,0.6285178236397748,0.771889400921659,1466,533,0.8796595138842807,0.8745262556318187
SKAB,cnn1d,unseen,4,123,0.8581173260572987,1.0,0.6097560975609756,0.7575757575757576,1466,533,0.8754567263703803,0.8684086014656124
SKAB,lstm,orijinal,4,2026,0.8581173260572987,1.0,0.6097560975609756,0.7575757575757576,1466,533,0.8343438121494744,0.8406571640921908
SKAB,lstm,gurultu,4,2026,0.8519781718963165,0.9730538922155688,0.6097560975609756,0.7497116493656286,1466,533,0.8186909422890916,0.8286926563146209
SKAB,lstm,unseen,4,2026,0.8526603001364257,1.0,0.5947467166979362,0.7458823529411764,1466,533,0.8655791702611559,0.8494123695000997
SKAB,gru,orijinal,4,2026,0.864256480218281,0.9883040935672515,0.6341463414634146,0.7725714285714286,1466,533,0.8049142450365885,0.815637426474565
SKAB,gru,gurultu,4,2026,0.8144611186903138,0.8175182481751825,0.6303939962476548,0.711864406779661,1466,533,0.8092336649312573,0.812526571081501
SKAB,gru,unseen,4,2026,0.8635743519781719,1.0,0.624765478424015,0.76905311778291,1466,533,0.8183953395309367,0.8238062418759416
SKAB,cnn1d,orijinal,4,2026,0.8567530695770805,0.9601139601139601,0.6322701688555347,0.7624434389140271,1466,533,0.8306698921552658,0.8284866413703811
SKAB,cnn1d,gurultu,4,2026,0.8321964529331515,0.8392434988179669,0.6660412757973734,0.7426778242677824,1466,533,0.8345750660078949,0.8344299804374298
SKAB,cnn1d,unseen,4,2026,0.859481582537517,0.990990990990991,0.6191369606003753,0.7621247113163973,1466,533,0.815135665578768,0.8191534854332406
SKAB,lstm,orijinal,4,7,0.8587994542974079,0.9710982658959537,0.6303939962476548,0.764505119453925,1466,533,0.7690859842063669,0.8074295536552952
SKAB,lstm,gurultu,4,7,0.820600272851296,0.835820895522388,0.6303939962476548,0.718716577540107,1466,533,0.7647544988929977,0.7964417711729822
SKAB,lstm,unseen,4,7,0.8608458390177354,0.9969788519637462,0.6191369606003753,0.7638888888888888,1466,533,0.7808175929891874,0.8080274805588115
SKAB,gru,orijinal,4,7,0.8615279672578445,1.0,0.6191369606003753,0.764774044032445,1466,533,0.8437890240886085,0.8455871344670034
SKAB,gru,gurultu,4,7,0.8506139154160982,0.9644970414201184,0.6116322701688556,0.748564867967853,1466,533,0.8481687710767785,0.8432952153953984
SKAB,gru,unseen,4,7,0.8540245566166439,1.0,0.5984990619136961,0.7488262910798122,1466,533,0.8712137207941458,0.872648485651496
SKAB,cnn1d,orijinal,4,7,0.8635743519781719,1.0,0.624765478424015,0.76905311778291,1466,533,0.8319769791811201,0.8353133120867215
SKAB,cnn1d,gurultu,4,7,0.8628922237380627,0.9770114942528736,0.6378986866791745,0.771850170261067,1466,533,0.8264912354787658,0.8376716276385957
SKAB,cnn1d,unseen,4,7,0.8622100954979536,1.0,0.6210131332082551,0.7662037037037037,1466,533,0.820629452893589,0.8285990086251521
SKAB,lstm,orijinal,4,999,0.8424283765347885,0.9148351648351648,0.624765478424015,0.7424749163879598,1466,533,0.783890252951503,0.800506157965291
SKAB,lstm,gurultu,4,999,0.8192360163710778,0.8383838383838383,0.6228893058161351,0.7147470398277718,1466,533,0.7686757599705605,0.7895998042574629
SKAB,lstm,unseen,4,999,0.8587994542974079,1.0,0.6116322701688556,0.7590221187427241,1466,533,0.7934279664340051,0.8070887365517521
SKAB,gru,orijinal,4,999,0.8622100954979536,0.9825072886297376,0.6322701688555347,0.769406392694064,1466,533,0.8320674698213715,0.8367977573578635
SKAB,gru,gurultu,4,999,0.8274215552523875,0.8482587064676617,0.6397748592870544,0.7294117647058823,1466,533,0.831709529066599,0.8294608324211655
SKAB,gru,unseen,4,999,0.8649386084583902,1.0,0.6285178236397748,0.771889400921659,1466,533,0.8228032391627403,0.8315157216810061
SKAB,cnn1d,orijinal,4,999,0.8683492496589359,1.0,0.6378986866791745,0.7789232531500573,1466,533,0.8126139930704279,0.8243046520556093
SKAB,cnn1d,gurultu,4,999,0.820600272851296,0.8068181818181818,0.6660412757973734,0.7297019527235354,1466,533,0.8277540826360527,0.834464113054943
SKAB,cnn1d,unseen,4,999,0.8669849931787176,1.0,0.6341463414634146,0.7761194029850746,1466,533,0.8088898004983018,0.8222151235363501
BATADAL,automata,orijinal,0,-1,0.8134777376654633,0.04819277108433735,0.05,0.049079754601226995,831,80,0.4466794274300932,0.08687169435170579
BATADAL,automata,gurultu,0,-1,0.8074608904933814,0.09183673469387756,0.1125,0.10112359550561797,831,80,0.49102030625832227,0.09848865390223147
BATADAL,automata,unseen,0,-1,0.7749699157641395,0.1037037037037037,0.175,0.13023255813953488,831,80,0.4514813581890812,0.0953678201425142
BATADAL,lstm,orijinal,0,42,0.8847583643122676,0.0,0.0,0.0,269,27,0.6023875114784205,0.11687515368998078
BATADAL,lstm,gurultu,0,42,0.8810408921933085,0.0,0.0,0.0,269,27,0.5809611264156719,0.11124910923917967
BATADAL,lstm,unseen,0,42,0.8698884758364313,0.0,0.0,0.0,269,27,0.6046831955922864,0.11777986062576101
BATADAL,gru,orijinal,0,42,0.8810408921933085,0.0,0.0,0.0,269,27,0.7756351392715028,0.20046477361151674
BATADAL,gru,gurultu,0,42,0.8810408921933085,0.0,0.0,0.0,269,27,0.7745638200183655,0.1953712239228842
BATADAL,gru,unseen,0,42,0.8513011152416357,0.11764705882352941,0.07407407407407407,0.09090909090909091,269,27,0.7606366697275788,0.19160404094500244
BATADAL,cnn1d,orijinal,0,42,0.8996282527881041,0.0,0.0,0.0,269,27,0.05754514845423936,0.05588060157994833
BATADAL,cnn1d,gurultu,0,42,0.8996282527881041,0.0,0.0,0.0,269,27,0.05892255892255893,0.05602392200533407
BATADAL,cnn1d,unseen,0,42,0.8996282527881041,0.0,0.0,0.0,269,27,0.057851239669421475,0.055897338999270844
BATADAL,lstm,orijinal,0,123,0.8996282527881041,0.0,0.0,0.0,269,27,0.9822467095194368,0.8452190770593404
BATADAL,lstm,gurultu,0,123,0.8996282527881041,0.0,0.0,0.0,269,27,0.9791857973676155,0.8317889320480454
BATADAL,lstm,unseen,0,123,0.8996282527881041,0.0,0.0,0.0,269,27,0.9357208448117539,0.5035173283230465
BATADAL,gru,orijinal,0,123,0.895910780669145,0.0,0.0,0.0,269,27,0.6853382307927762,0.14314361432184966
BATADAL,gru,gurultu,0,123,0.895910780669145,0.0,0.0,0.0,269,27,0.6772268135904499,0.14231977238692964
BATADAL,gru,unseen,0,123,0.8810408921933085,0.0,0.0,0.0,269,27,0.6360575451484543,0.12550150029738852
BATADAL,cnn1d,orijinal,0,123,0.8847583643122676,0.0,0.0,0.0,269,27,0.03887358432812977,0.0549126197015088
BATADAL,cnn1d,gurultu,0,123,0.8921933085501859,0.0,0.0,0.0,269,27,0.03688399142944597,0.054810970945949666
BATADAL,cnn1d,unseen,0,123,0.8847583643122676,0.0,0.0,0.0,269,27,0.03917967554331189,0.05493368377139815
BATADAL,lstm,orijinal,0,2026,0.8996282527881041,0.0,0.0,0.0,269,27,0.7578818487909397,0.17745495677100653
BATADAL,lstm,gurultu,0,2026,0.8996282527881041,0.0,0.0,0.0,269,27,0.7494643403734313,0.17356314444822385
BATADAL,lstm,unseen,0,2026,0.8921933085501859,0.0,0.0,0.0,269,27,0.7131925313743496,0.15536044474324429
BATADAL,gru,orijinal,0,2026,0.8736059479553904,0.23076923076923078,0.1111111111111111,0.15,269,27,0.8983777165595347,0.3492336958063428
BATADAL,gru,gurultu,0,2026,0.8698884758364313,0.16666666666666666,0.07407407407407407,0.10256410256410256,269,27,0.8976124885215795,0.34468407997747225
BATADAL,gru,unseen,0,2026,0.8587360594795539,0.17647058823529413,0.1111111111111111,0.13636363636363635,269,27,0.8700642791551882,0.2893926460622077
BATADAL,cnn1d,orijinal,0,2026,0.8921933085501859,0.0,0.0,0.0,269,27,0.049586776859504134,0.05556509076669854
BATADAL,cnn1d,gurultu,0,2026,0.8921933085501859,0.0,0.0,0.0,269,27,0.050045913682277315,0.055626491490890106
BATADAL,cnn1d,unseen,0,2026,0.8550185873605948,0.0,0.0,0.0,269,27,0.049280685644322,0.05554510252448808
BATADAL,lstm,orijinal,0,7,0.8810408921933085,0.3076923076923077,0.14814814814814814,0.2,269,27,0.9357208448117539,0.5017283852162545
BATADAL,lstm,gurultu,0,7,0.8847583643122676,0.375,0.2222222222222222,0.27906976744186046,269,27,0.9295990205081114,0.49556994804403603
BATADAL,lstm,unseen,0,7,0.8252788104089219,0.045454545454545456,0.037037037037037035,0.04081632653061224,269,27,0.8313437404346494,0.24563588946965734
BATADAL,gru,orijinal,0,7,0.8364312267657993,0.09523809523809523,0.07407407407407407,0.08333333333333333,269,27,0.7894092439546985,0.20450296566229484
BATADAL,gru,gurultu,0,7,0.8587360594795539,0.07692307692307693,0.037037037037037035,0.05,269,27,0.8022650749923477,0.21328390783973364
BATADAL,gru,unseen,0,7,0.8029739776951673,0.03571428571428571,0.037037037037037035,0.03636363636363636,269,27,0.7128864401591675,0.1534945965524442
BATADAL,cnn1d,orijinal,0,7,0.8736059479553904,0.0,0.0,0.0,269,27,0.056014692378328734,0.056135531147102666
BATADAL,cnn1d,gurultu,0,7,0.8847583643122676,0.0,0.0,0.0,269,27,0.05785123966942149,0.05627503455001738
BATADAL,cnn1d,unseen,0,7,0.8698884758364313,0.0,0.0,0.0,269,27,0.056014692378328734,0.056135531147102666
BATADAL,lstm,orijinal,0,999,0.895910780669145,0.0,0.0,0.0,269,27,0.6579430670339761,0.13299381927333692
BATADAL,lstm,gurultu,0,999,0.8996282527881041,0.0,0.0,0.0,269,27,0.6712580348943985,0.13712556776003187
BATADAL,lstm,unseen,0,999,0.895910780669145,0.0,0.0,0.0,269,27,0.6613100704009794,0.13379916630136304
BATADAL,gru,orijinal,0,999,0.8996282527881041,0.0,0.0,0.0,269,27,0.6631466176920722,0.13276324098892633
BATADAL,gru,gurultu,0,999,0.8996282527881041,0.0,0.0,0.0,269,27,0.6466176920722375,0.12707691790308748
BATADAL,gru,unseen,0,999,0.8884758364312267,0.0,0.0,0.0,269,27,0.6905417814508723,0.14323826722589048
BATADAL,cnn1d,orijinal,0,999,0.8884758364312267,0.0,0.0,0.0,269,27,0.05142332415059687,0.05582299195570915
BATADAL,cnn1d,gurultu,0,999,0.8921933085501859,0.0,0.0,0.0,269,27,0.05111723293541474,0.05584702427672862
BATADAL,cnn1d,unseen,0,999,0.8884758364312267,0.0,0.0,0.0,269,27,0.051117232935414744,0.0558120752979269
